{"base": [[-8.124735893894574, -1.7634018769003426], [-9.912951751830782, -3.118640457540643], [3.028279652991248, -3.689048501155927], [9.658793363506721, -2.570567790716442], [3.3269498394863195, -8.3419507611776], [-1.4820716358074275, -4.423148606482514], [6.971427762473457, -5.515460168313515], [-9.01748012722511, -8.239505846452197], [-4.037385789806825, 4.920932977037966], [-1.1933517547693366, -4.751499046745941], [8.262229493589352, -9.936164751776849], [0.7750267467004619, -7.170828934523938], [0.38735417743713185, -5.526715396875641], [6.032699503993758, 2.5843585286312347], [-3.5288567485359152, 8.629907319266824], [-8.556743185729236, 1.3490781820010174], [-7.403232283010803, -2.7077021069512552], [-8.710922884166642, 5.6807749534085605], [-6.637194137275819, -6.76062755082838], [-3.2084488982416914, 2.1608568125764727], [3.6895649074830956, 2.9762745030813917], [-6.384024701511888, 0.6814047107136272], [-1.092990325853897, -8.992648226027677], [9.691929563741745, -0.11829153718381846], [-9.712699379953433, -2.57707097900653], [4.562735137267772, 7.16453135452247], [4.422809615576915, 1.7872739119345127], [3.7710384655569307, 3.467000070848769], [-0.4480738008970171, 3.5634483918980226], [-0.33171912171427387, 5.213867740475493], [-2.0782760417451573, 3.160092144835753], [8.537024925341228, 0.5607946965609845], [-5.05783873509055, 6.0155186711020505], [6.75726386658458, -5.169363125912496], [-6.052795064016232, -5.421349864323323], [3.293713435097427, -3.012120306273931], [5.89469128754677, -9.09834312034706], [5.275861595062601, -5.1323853895520966], [-1.7729092142271003, -0.8253236692828114], [-0.5589424733230537, -2.157434910229952], [-6.358684172995977, 4.0499821577432655], [-6.3884793560294835, -2.7492307619534646], [-5.927308450549518, 9.159631738193863], [6.025154134161312, -8.276961240247985], [-5.4133406990470245, 0.5992199900933031], [4.010691076262635, 0.6680394321769896], [-2.196230405086168, -1.533377862031264], [7.206275983149538, -0.5722193514316309], [0.23752066707060315, 1.5675049804897334], [9.178271990230314, 7.011656982244247], [-7.8998573166472275, -4.973791201235612], [9.067024662365768, -1.219664460383127], [-8.467108546045699, -8.267709998426241], [3.667530145361706, 6.4789432730641], [-0.28634068019339587, 4.742891090315203]], "new": [[-1.3402915948313634, -0.6297241135257998], [4.055711918905523, -2.8873157395033555], [-6.893954710043206, 0.5632961317676752], [5.340103124940043, 5.6811864518616595], [2.44500302891214, -5.249488655590504], [0.5332966592856021, 6.966796289599976], [2.3871582211923474, -8.105520102662478], [-3.2457432697470328, 6.156506100358882], [-5.318262316681269, -1.6763632465459022], [8.53081065744015, 2.9466218349377797], [1.1890362222608424, -4.453533103035838], [4.048295993259812, 4.953560491181278], [-4.812018372453155, 1.4597466637648182], [2.524974506909066, -9.600688343393518], [0.05164629267896714, 4.974961506638202], [-4.3029369871842915, 8.533277262788268], [8.337617276457618, 1.0454083031311274], [4.442625266592199, 0.5240332963124921]]}