{"base": [[-1.7343711099598664, -0.09136741279277416], [-3.205671018105132, 9.655894778627868], [-9.577839917645072, -3.902356085614695], [1.4020998758896788, -3.2924671770378877], [8.729086120206304, -8.60045624161295], [7.169296152772656, -4.022058875942081], [-9.08799572875073, 0.18027014400562358], [0.4723307526587526, -3.3224121001902844], [2.321146681040471, 2.206156097430787], [8.822551754149409, 4.507200873570623], [1.945800401461284, -5.069382519526595], [5.0208322732685, 1.3545034157545572], [-1.2763278298166085, 6.122254861262167], [-7.937625521239637, 5.585542125156275], [7.56887295699379, -4.130458561264176], [-8.310752036942684, 8.384247314275193], [8.913847579714194, 6.330002342753062], [-2.45038623367964, 8.119619215823441], [3.635447118982114, -1.377599331563097], [9.676744419406337, 2.106145690183709], [0.147862703998495, -2.9609922358910783], [6.617579243751688, -8.473368412538868], [-0.1031049635568202, -4.141217783357794], [-5.613132813199481, 3.711461793635081], [-1.2253434409051938, 1.7276468755254104], [-5.014604093900905, -8.507383194727044], [0.711932124829552, -3.5070235743506224], [-3.2683116499428806, -7.541391743772143], [7.042014272492153, 3.9732309202708276], [2.0317600698545633, -3.7626666503576818], [2.3542297065200337, -0.20346630386089082], [6.182704305616674, 2.9608086098024184], [9.246701809827506, -2.669001701176523], [-2.5453284770116475, -7.702922439938815], [8.391266853569945, -8.584748200190834], [0.7350720461219247, -2.7868505605923843], [-0.2870986435650007, 6.221583247657076], [8.55000713279249, -7.70666036683604], [-6.681057239520369, 3.457309413151272], [6.418667007017163, -4.338177432243224], [-1.7860877615535422, 3.0247516913837043], [5.7540799265185285, 0.9603683627777766], [2.3023927286974555, 5.483703721215994], [3.3553146801488065, 8.765737715515876], [9.001547265072467, -8.895801128299441], [-4.137868647503231, 1.3138030316593223], [8.670017601136657, -2.64838525309089], [-0.42094468307445965, -1.5187204996965846], [-4.959532628032184, -1.071586811218399], [-4.899509394572639, 6.030737437047023], [-8.322629814325598, -7.537653922429072], [8.006677119753334, 6.5312371345345674], [5.7962047503628416, 1.6549667712592395], [1.5796345640085807, 6.46002638522808], [4.1406476030787065, 7.659275641787982]], "new": [[0.3004155282291432, 3.401303532131603], [-1.0922383696333107, 9.968556181631119], [4.3460417324393585, -4.973938893144377], [-1.8460771504612978, 7.1193388086048905], [7.242231618056863, 0.35240167114997334], [0.8751370378579626, -3.807255640256015], [7.702113106646113, -2.2401843694456103], [0.8145619431920785, -8.37928795883821], [5.313479730802769, -3.240291025105262], [-8.866112332186205, 5.648273052498361], [7.445068035328667, 5.489345538442958], [0.6646219475275714, 5.617583134440228], [-8.082805944214467, 8.540534088860262], [4.7118115062348345, 2.715500457235404], [0.7629878298024284, 5.863150206247063], [0.22752943252248414, 9.324373207417953], [6.423302037734125, -9.551936305233923], [-9.826921777828257, -5.52716542226719], [-2.6792683210244412, -7.113732473262644], [5.531742072992898, 8.07514817100271], [9.790858368885218, 8.2393139794572], [1.5446470198807312, 3.801488186687724], [0.9180113652501376, 3.645768600360398], [-7.89988822250574, -9.435805738909114], [4.899090881114214, -6.88262870154551], [-5.527688674420565, -8.891759007114377], [3.4223854597852217, -4.9900344104577865], [-5.508086140912161, -8.553049862098502], [-6.139313390864885, 2.5053066750242152], [2.4428799521507667, 1.0334335212828414]]}