{"base": [[7.885281497304039, 3.606498089336265], [-7.778782657931183, 1.4486504069979276], [4.172633023172628, -4.173105634198981], [-5.565816472300959, 8.764302728845408], [-4.222200237899818, -6.863876636437309], [-6.187336989668058, 5.092630828852647], [-7.653093755773153, -2.5756459505367024], [5.497668985440182, -8.065299751033848], [4.579875740509372, -1.1706063952912142], [-5.4476232948560455, -4.13790757227491], [7.543677852208475, 1.965517898065528], [4.316914389111169, 7.131077483305603], [3.838667667104991, -1.8951793783454498], [-5.807552642359117, -7.639606273561328], [4.747950374271458, -0.5037389550185285], [7.282087910024789, -8.426893691276822], [4.444989982525328, 9.8323099518784], [-6.7420251439465995, 1.3815183089477205], [7.714387079899701, 2.4241085027688136], [5.14031578563946, 8.01564934816621], [-9.111379417588124, 1.6193778590506227], [-2.317831138808854, 9.553615822872594], [6.355366817133564, -2.5625609323717686], [7.248201361588109, -1.1783175906512824], [6.783479536252685, 4.309092345303293], [-3.587538457069403, -7.841255006489927], [-8.030254283692512, -0.11249149803193248], [1.2063329261297735, 2.7055510719964495], [-5.883993563473111, -3.182912875485253], [-1.2907519979950361, -5.3859148619311]], "new": [[-5.28264386347145, -8.256836170439248], [4.510886937718848, 5.161238627758703], [-0.8323381759182418, -9.882857500416511], [3.8123014737974508, 9.884650744666747], [7.9755416881861585, 6.351734520814887], [5.671539965011419, 9.955654787665171], [-1.2385374689292217, 9.09950597986509], [-0.9467684404663608, -3.7513974930394696]]}