{"base": [[-0.9203774742180766, 4.642018760469339], [6.242944143693304, -0.34256942869650864], [8.638121462345822, -2.265365860150535], [-5.005874684293497, -3.0287708862191494], [-0.014215794989564046, -3.3077425904094637], [-4.154567180335455, 8.855589781714748], [-8.219248197715954, 2.1388091584794786], [3.1610495107275263, 8.487276049061382], [-4.795822100345337, -0.4476085896356867], [-7.995239179084392, 0.9773813294692779], [-5.079009152812173, -5.991559913471929], [3.663803072396357, 7.930427245626895], [5.150524814082111, 9.19688233069931], [-8.392992483425148, -0.42686974603673633], [-4.745723526518697, -3.748161083729702], [-4.418999357699899, -0.5581675506843702], [-6.6648815718931065, -1.6366883211438488], [-7.180673549274308, 8.684985360934427], [0.4595366527926448, 2.4254871829647655], [8.921049840656671, -6.785571279660932], [-5.9706352793867, 8.171620091324783], [-5.397783936428892, -3.8738270406260167], [4.736708130410323, -7.746942729525561], [8.859261451963473, -6.078036050272322], [4.558143284614511, 7.868403759938758], [-8.61430386233825, -5.420711658349122], [4.453093974116731, -0.7991385748074809], [-7.397300210617854, 3.9796127926662965], [-1.406667888591496, -6.011286922914245], [-6.549867382825189, 0.484136939329078], [3.6678358586991315, -4.569478473383133], [-8.054653931135874, 7.4924135630467], [-1.8226593156614186, -9.040488673600105], [8.837803264511553, -0.9510683489514591], [-5.8352080228761505, 2.707302658779378], [0.3236022697037164, -2.7060881800891456], [3.6161115881299377, -3.2566541387944774], [-2.3317649318875366, -3.810670352165795], [9.827786159068413, 2.940721635933068], [6.640022459149019, 4.928624498311207]], "new": [[7.285360766571291, 9.723762029143892], [7.460027378792699, 0.7043603584108986], [7.848867564534682, -8.195844673849802], [6.643311685566189, 3.086808383995205], [2.4598298818095827, -4.212180843888545], [2.782130527639106, -8.533833275144636], [-3.503823673750359, 2.538080210390465], [6.857836043815404, -4.1167965434602705], [8.718153687688101, -4.532547503587276], [-0.746378118670048, 7.6952769162211965]]}