{"base": [[6.957266497957729, 7.203472778151454], [-9.022478482145331, -7.550476017974832], [-9.010622674426575, 1.4835955765552136]], "new": [[-2.8532557446340467, 1.4417410562268547], [-8.002336340680928, 1.1375124076406031]]}