{"base": [[5.118440268839953, -8.451807249281888], [-0.8072313827800421, -5.289897545961553], [4.195326204978633, -1.8494683257105908], [-5.584882346026605, -6.421050391638037], [-5.51954382764605, 1.1177224943060526], [-8.944832167755257, -1.2051767928489738], [6.649720518276258, 9.571048038625765], [-1.7114585350062477, 1.1965567344103594], [-0.8862458829251061, -8.105935742253319], [-8.486195307393247, -2.4273283346459458], [-0.7373192659645227, 1.1120443654183632], [-0.8422752185807081, -7.5680352191636135], [1.8904828543107044, -1.4566501855213119], [-4.04518340755021, -2.688599514617229], [4.842145900632982, 2.102549071669497], [-4.33197905761652, 4.27636129193543], [1.7960890148556512, -2.52381799990612], [1.053308431002712, 9.434135219046993], [4.589550964314411, -8.707553459220879], [9.979596930804671, 5.547814079416494], [-8.420532218229308, -3.2296297520039126], [8.469811810711349, -2.5554146292435975], [5.07247193385192, -1.9066762944268927], [6.725820015120714, -6.1132858059111435], [-3.0230062516679945, 3.2234781802601162], [-5.5418090069377595, 6.336365269920254], [8.029827714559737, 6.934069915546949], [-2.946828445382863, -4.495990078318766], [-5.369241246303307, -1.421054621411777], [5.411597777748405, -3.6102198951601316], [-6.058976395284777, 6.233327248058231], [9.438744668682531, 4.2146258812672315], [-3.185224606857549, -8.340053619082827], [-3.8259819186812365, 6.367303628690614], [9.386663404253241, 9.599909313377754], [5.793012643652908, -5.20214590071546], [-2.8798808398745823, -7.908201827465224], [-5.971916594063103, -9.076925903343982], [4.374886515489877, 8.220246659101317], [0.8746223337411969, -4.170246093051466], [-0.5488799365392634, 0.7317951374234095], [-8.960485817449683, -9.952308606565737], [-6.256891213493332, -5.133699250976571], [6.540940504618394, 0.2917288990653244], [-4.877109249239933, -0.8839411490554223]], "new": [[-3.3938278739549688, -6.619748830503105], [-9.237598774925743, 9.554923704582897], [-3.8971798133838575, 9.913519989900596], [-4.060535325917001, -0.08354352476735549], [-4.498426078164501, -0.5971190090490808], [-7.733581567843695, -2.5604914670785366], [-5.252859084246568, 3.153114363830582], [-5.581373909316081, 0.06711602716248599], [-6.859894389210748, -5.9007972660122565], [8.566250329341663, 5.952434760092798], [4.412485845422978, 4.923802634169025], [0.11158461523917573, -1.6240060384549402], [-7.106457124381597, -7.361322310345932], [-1.9424268960030027, 8.72585116249967], [-4.603186531889043, -2.975348166939991]]}