{"base": [[5.426398373539241, 4.653451475066653], [6.437101462526364, 7.0300745915491305], [1.718902834323469, 7.345445933516515], [5.130716977785937, 2.4398482841993108], [6.7165333069002315, 9.109740593795589], [-0.35700777298772124, -9.268967433439654], [3.131875037828685, 5.399682345134957], [-5.4299639417814305, -1.976177152913296], [0.3529126747711402, -1.646257917693184], [-1.881021153128728, -8.819559597196353], [-3.892508081782182, 7.706152140241599], [-5.034548788418922, 5.938267272868913], [3.9979396100434617, -6.283716722279196], [2.022528972633289, -0.765853413364507], [4.827656346669077, 7.495049293115748], [4.0784165010694835, -5.497236647396388], [-8.796067352070057, -0.3520782600433332], [-3.8830878490537994, -1.913724663412541], [-9.351975090686127, 7.98736927192094], [-1.0293353383515385, 2.3000561558218173]], "new": [[0.32698245812846594, 0.8118593389314217], [1.6769920715419246, 9.041650784412546], [3.8481289033529293, 1.1169731309056132], [-8.4879003188326, -0.39170652816324214], [-5.799962304426134, 4.774322904032875], [-3.950468093448471, 0.7625904650087261], [-3.4659399907553157, 5.9100060639607666], [-9.613020634392221, -0.8570793804822241]]}