{"base": [[4.437077246789974, 4.1315124613643945], [-9.036112359825296, 8.108575604640635], [-8.252325540073553, 8.624598478913292], [-9.59797148415695, -4.340053042457763], [2.2843397487501615, 2.946728362069493], [-4.179877894706481, 1.5826478705427576], [-4.0986923215178495, -4.853271492907059], [-0.16720698217649144, -4.7591562154798766], [9.241059902181654, -6.510267182380329], [3.198946039276727, -8.340387236110054]], "new": [[7.678135184353355, -9.400666456574037], [7.282092222301596, -1.7870658300487214], [0.1652320090977426, -9.079333442646648], [-9.935702759964274, 7.177774561063178], [-9.72245345865243, 5.6002090114385545]]}